Route_name,Route_link
North Lakhimpur to Dibrugarh,https://www.redbus.in/bus-tickets/north-lakhimpur-to-dibrugarh
Tinsukia to Jorhat,https://www.redbus.in/bus-tickets/tinsukia-to-jorhat
Tezpur to North Lakhimpur,https://www.redbus.in/bus-tickets/tezpur-to-north-lakhimpur
North Lakhimpur to Moran,https://www.redbus.in/bus-tickets/north-lakhimpur-to-moran
Guwahati to Gohpur,https://www.redbus.in/bus-tickets/guwahati-to-gohpur
Guwahati to Kaliabor,https://www.redbus.in/bus-tickets/guwahati-to-kaliabor
Guwahati to Tumuki (Tezpur Medical),https://www.redbus.in/bus-tickets/guwahati-to-tumuki-tezpur-medical
Dibrugarh to Tezpur,https://www.redbus.in/bus-tickets/dibrugarh-to-tezpur
Biswanath Charali to Guwahati,https://www.redbus.in/bus-tickets/biswanath-charali-to-guwahati
Dibrugarh to North Lakhimpur,https://www.redbus.in/bus-tickets/dibrugarh-to-north-lakhimpur
Guwahati to Dhubri,https://www.redbus.in/bus-tickets/guwahati-to-dhubri
Dhekiajuli to Guwahati,https://www.redbus.in/bus-tickets/dhekiajuli-to-guwahati
Sibsagar to North Lakhimpur,https://www.redbus.in/bus-tickets/sibsagar-to-north-lakhimpur
Dibrugarh to Jorhat,https://www.redbus.in/bus-tickets/dibrugarh-to-jorhat
Jorhat to Dhemaji,https://www.redbus.in/bus-tickets/jorhat-to-dhemaji
Jorhat to Tinsukia,https://www.redbus.in/bus-tickets/jorhat-to-tinsukia
Tezpur to Dibrugarh,https://www.redbus.in/bus-tickets/tezpur-to-dibrugarh
Dhemaji to Jorhat,https://www.redbus.in/bus-tickets/dhemaji-to-jorhat
North Lakhimpur to Tezpur,https://www.redbus.in/bus-tickets/north-lakhimpur-to-tezpur
Guwahati to Biswanath Charali,https://www.redbus.in/bus-tickets/guwahati-to-biswanath-charali
